{
    "name": "root",
    "gauges": {
        "FinalProject_Maze.Policy.Entropy.mean": {
            "value": 0.7267294526100159,
            "min": 0.7267294526100159,
            "max": 1.3519328832626343,
            "count": 7
        },
        "FinalProject_Maze.Environment.EpisodeLength.mean": {
            "value": 905.0,
            "min": 905.0,
            "max": 6059.0,
            "count": 4
        },
        "FinalProject_Maze.Policy.GailValueEstimate.mean": {
            "value": 10.83780288696289,
            "min": 10.83780288696289,
            "max": 24.96604347229004,
            "count": 7
        },
        "FinalProject_Maze.Environment.CumulativeReward.mean": {
            "value": -19.0999995470047,
            "min": -122.17999729514122,
            "max": -19.0999995470047,
            "count": 4
        },
        "FinalProject_Maze.Policy.GailReward.mean": {
            "value": 155.03628623485565,
            "min": 155.03628623485565,
            "max": 1453.6523596218653,
            "count": 4
        },
        "FinalProject_Maze.Losses.PolicyLoss.mean": {
            "value": 0.06934117207490728,
            "min": 0.0674063636697969,
            "max": 0.07246775172877028,
            "count": 7
        },
        "FinalProject_Maze.Losses.ValueLoss.mean": {
            "value": 1.8016256043729144,
            "min": 1.8016256043729144,
            "max": 44.33417973571304,
            "count": 7
        },
        "FinalProject_Maze.Policy.LearningRate.mean": {
            "value": 0.00028785219609472385,
            "min": 0.00028785219609472385,
            "max": 0.0002990636074549881,
            "count": 7
        },
        "FinalProject_Maze.Policy.Epsilon.mean": {
            "value": 0.1959507306818182,
            "min": 0.1959507306818182,
            "max": 0.1996878690476191,
            "count": 7
        },
        "FinalProject_Maze.Policy.Beta.mean": {
            "value": 0.004797941461022727,
            "min": 0.004797941461022727,
            "max": 0.00498442466547619,
            "count": 7
        },
        "FinalProject_Maze.Policy.GAILPolicyEstimate.mean": {
            "value": 0.06907061869492521,
            "min": 0.06907061869492521,
            "max": 0.30042643798568347,
            "count": 7
        },
        "FinalProject_Maze.Policy.GAILExpertEstimate.mean": {
            "value": 0.9107690102474794,
            "min": 0.7280714325085074,
            "max": 0.9107690102474794,
            "count": 7
        },
        "FinalProject_Maze.Losses.GAILLoss.mean": {
            "value": 0.21399671752537053,
            "min": 0.21399671752537053,
            "max": 0.724313815214866,
            "count": 7
        },
        "FinalProject_Maze.Policy.GAILGradMagLoss.mean": {
            "value": 0.04339041572369576,
            "min": 0.04339041572369576,
            "max": 0.7360769367114671,
            "count": 7
        },
        "FinalProject_Maze.Losses.PretrainingLoss.mean": {
            "value": 0.07042550757242162,
            "min": 0.07042550757242162,
            "max": 0.7991336026386909,
            "count": 7
        },
        "FinalProject_Maze.IsTraining.mean": {
            "value": 1.0,
            "min": 1.0,
            "max": 1.0,
            "count": 7
        }
    },
    "metadata": {
        "timer_format_version": "0.1.0",
        "start_time_seconds": "1639282104",
        "python_version": "3.6.8 (tags/v3.6.8:3c6b436a57, Dec 24 2018, 00:16:47) [MSC v.1916 64 bit (AMD64)]",
        "command_line_arguments": "D:\\Python 3.6.8\\Scripts\\mlagents-learn .\\config\\FinalProject_Maze_config (monfred).yaml --run-id=MazeAgentAIMonfred3 --force",
        "mlagents_version": "0.23.0",
        "mlagents_envs_version": "0.23.0",
        "communication_protocol_version": "1.3.0",
        "pytorch_version": "1.7.0+cu110",
        "numpy_version": "1.18.5",
        "end_time_seconds": "1639282705"
    },
    "total": 601.3658283999999,
    "count": 1,
    "self": 0.006415599999854749,
    "children": {
        "run_training.setup": {
            "total": 0.008858,
            "count": 1,
            "self": 0.008858
        },
        "TrainerController.start_learning": {
            "total": 601.3505548,
            "count": 1,
            "self": 1.192231899997637,
            "children": {
                "TrainerController._reset_env": {
                    "total": 17.4671524,
                    "count": 1,
                    "self": 14.8562293,
                    "children": {
                        "demo_to_buffer": {
                            "total": 2.610923099999999,
                            "count": 2,
                            "self": 0.008547000000000082,
                            "children": {
                                "load_demonstration": {
                                    "total": 0.1521106999999997,
                                    "count": 2,
                                    "self": 0.033992599999999484,
                                    "children": {
                                        "read_file": {
                                            "total": 0.11811810000000023,
                                            "count": 2,
                                            "self": 0.11811810000000023
                                        }
                                    }
                                },
                                "make_demo_buffer": {
                                    "total": 2.4502653999999993,
                                    "count": 2,
                                    "self": 0.4055431999998227,
                                    "children": {
                                        "steps_from_proto": {
                                            "total": 2.0447222000001766,
                                            "count": 10124,
                                            "self": 0.6197031999995843,
                                            "children": {
                                                "_process_vector_observation": {
                                                    "total": 1.4250190000005922,
                                                    "count": 60744,
                                                    "self": 1.4250190000005922
                                                }
                                            }
                                        }
                                    }
                                }
                            }
                        }
                    }
                },
                "TrainerController.advance": {
                    "total": 581.8612245000024,
                    "count": 43843,
                    "self": 0.6348930000061728,
                    "children": {
                        "env_step": {
                            "total": 581.2263314999963,
                            "count": 43843,
                            "self": 469.1406550999876,
                            "children": {
                                "SubprocessEnvManager._take_step": {
                                    "total": 111.5026431000047,
                                    "count": 43843,
                                    "self": 3.228866700008936,
                                    "children": {
                                        "TorchPolicy.evaluate": {
                                            "total": 108.27377639999577,
                                            "count": 43821,
                                            "self": 39.02919430000077,
                                            "children": {
                                                "TorchPolicy.sample_actions": {
                                                    "total": 69.244582099995,
                                                    "count": 43821,