{
    "name": "root",
    "gauges": {
        "FinalProject_Maze.Policy.Entropy.mean": {
            "value": 0.8557525873184204,
            "min": 0.8557525873184204,
            "max": 1.350136160850525,
            "count": 5
        },
        "FinalProject_Maze.Environment.EpisodeLength.mean": {
            "value": 393.168,
            "min": 314.4810126582278,
            "max": 393.168,
            "count": 5
        },
        "FinalProject_Maze.Policy.GailValueEstimate.mean": {
            "value": 15.775175094604492,
            "min": 13.292150497436523,
            "max": 24.031085968017578,
            "count": 5
        },
        "FinalProject_Maze.Environment.CumulativeReward.mean": {
            "value": -4.933046763762832,
            "min": -4.933046763762832,
            "max": -4.1383973222512465,
            "count": 5
        },
        "FinalProject_Maze.Policy.GailReward.mean": {
            "value": 45.83169710144284,
            "min": 45.83169710144284,
            "max": 136.83987728105143,
            "count": 5
        },
        "FinalProject_Maze.Losses.PolicyLoss.mean": {
            "value": 0.06956755313927027,
            "min": 0.0675551540643105,
            "max": 0.06986517396686341,
            "count": 5
        },
        "FinalProject_Maze.Losses.ValueLoss.mean": {
            "value": 4.639443319116204,
            "min": 4.639443319116204,
            "max": 39.527319593108935,
            "count": 5
        },
        "FinalProject_Maze.Policy.LearningRate.mean": {
            "value": 0.00029155778759668043,
            "min": 0.00029155778759668043,
            "max": 0.00029904817042597227,
            "count": 5
        },
        "FinalProject_Maze.Policy.Epsilon.mean": {
            "value": 0.19718592826086953,
            "min": 0.19718592826086953,
            "max": 0.19968272336956525,
            "count": 5
        },
        "FinalProject_Maze.Policy.Beta.mean": {
            "value": 0.004859577820217392,
            "min": 0.004859577820217392,
            "max": 0.004984167896141305,
            "count": 5
        },
        "FinalProject_Maze.Policy.GAILPolicyEstimate.mean": {
            "value": 0.0736627552268482,
            "min": 0.0736627552268482,
            "max": 0.2736426125275002,
            "count": 5
        },
        "FinalProject_Maze.Policy.GAILExpertEstimate.mean": {
            "value": 0.9289958029921912,
            "min": 0.7618371596002518,
            "max": 0.9289958029921912,
            "count": 5
        },
        "FinalProject_Maze.Losses.GAILLoss.mean": {
            "value": 0.1783495574938697,
            "min": 0.1783495574938697,
            "max": 0.646601856613924,
            "count": 5
        },
        "FinalProject_Maze.Policy.GAILGradMagLoss.mean": {
            "value": 0.05086464291834054,
            "min": 0.05086464291834054,
            "max": 0.691643586296323,
            "count": 5
        },
        "FinalProject_Maze.Losses.PretrainingLoss.mean": {
            "value": 0.1148432065554469,
            "min": 0.1148432065554469,
            "max": 0.7914783240364855,
            "count": 5
        },
        "FinalProject_Maze.IsTraining.mean": {
            "value": 1.0,
            "min": 1.0,
            "max": 1.0,
            "count": 5
        }
    },
    "metadata": {
        "timer_format_version": "0.1.0",
        "start_time_seconds": "1639279506",
        "python_version": "3.6.8 (tags/v3.6.8:3c6b436a57, Dec 24 2018, 00:16:47) [MSC v.1916 64 bit (AMD64)]",
        "command_line_arguments": "D:\\Python 3.6.8\\Scripts\\mlagents-learn .\\config\\FinalProject_Maze_config (monfred).yaml --run-id=MazeAgentAI --force",
        "mlagents_version": "0.23.0",
        "mlagents_envs_version": "0.23.0",
        "communication_protocol_version": "1.3.0",
        "pytorch_version": "1.7.0+cu110",
        "numpy_version": "1.18.5",
        "end_time_seconds": "1639279954"
    },
    "total": 447.21398339999996,
    "count": 1,
    "self": 0.016388799999958792,
    "children": {
        "run_training.setup": {
            "total": 0.6804179,
            "count": 1,
            "self": 0.6804179
        },
        "TrainerController.start_learning": {
            "total": 446.5171767,
            "count": 1,
            "self": 0.907261199999482,
            "children": {
                "TrainerController._reset_env": {
                    "total": 30.6601718,
                    "count": 1,
                    "self": 27.8525499,
                    "children": {
                        "demo_to_buffer": {
                            "total": 2.807621900000001,
                            "count": 2,
                            "self": 0.009808400000000717,
                            "children": {
                                "load_demonstration": {
                                    "total": 0.12481790000000004,
                                    "count": 2,
                                    "self": 0.038405099999998527,
                                    "children": {
                                        "read_file": {
                                            "total": 0.08641280000000151,
                                            "count": 2,
                                            "self": 0.08641280000000151
                                        }
                                    }
                                },
                                "make_demo_buffer": {
                                    "total": 2.6729956,
                                    "count": 2,
                                    "self": 0.4531268000001134,
                                    "children": {
                                        "steps_from_proto": {
                                            "total": 2.2198687999998867,
                                            "count": 10124,
                                            "self": 0.6617045999997693,
                                            "children": {
                                                "_process_vector_observation": {
                                                    "total": 1.5581642000001175,
                                                    "count": 60744,
                                                    "self": 1.5581642000001175
                                                }
                                            }
                                        }
                                    }
                                }
                            }
                        }
                    }
                },
                "TrainerController.advance": {
                    "total": 405.5192720000005,
                    "count": 29171,
                    "self": 0.43797030000138193,
                    "children": {
                        "env_step": {
                            "total": 405.08130169999913,
                            "count": 29171,
                            "self": 320.0352531000034,
                            "children": {
                                "SubprocessEnvManager._take_step": {
                                    "total": 84.62369609999814,
                                    "count": 29171,
                                    "self": 2.262487500000802,
                                    "children": {
                                        "TorchPolicy.evaluate": {
                                            "total": 82.36120859999734,
                                            "count": 28601,
                                            "self": 28.445406199999482,
                                            "children": {
                                                "TorchPolicy.sample_actions": {
                                                    "total": 53.91580239999786,
                                                    "count": 28601,