{
    "name": "root",
    "gauges": {
        "FinalProject_Maze.Policy.Entropy.mean": {
            "value": 1.2383464574813843,
            "min": 1.2383464574813843,
            "max": 1.51755952835083,
            "count": 80
        },
        "FinalProject_Maze.Policy.GailValueEstimate.mean": {
            "value": 36.533321380615234,
            "min": 11.801279067993164,
            "max": 54.24549102783203,
            "count": 80
        },
        "FinalProject_Maze.Losses.PolicyLoss.mean": {
            "value": 0.07182359076019935,
            "min": 0.06452857830852576,
            "max": 0.07259272955612163,
            "count": 80
        },
        "FinalProject_Maze.Losses.ValueLoss.mean": {
            "value": 25.389142343177905,
            "min": 6.677521877366957,
            "max": 55.72857686656845,
            "count": 80
        },
        "FinalProject_Maze.Policy.LearningRate.mean": {
            "value": 0.00015094733874673698,
            "min": 0.00015094733874673698,
            "max": 0.00029906325031224995,
            "count": 80
        },
        "FinalProject_Maze.Policy.Epsilon.mean": {
            "value": 0.15031576302083335,
            "min": 0.15031576302083335,
            "max": 0.19968774999999997,
            "count": 80
        },
        "FinalProject_Maze.Policy.Beta.mean": {
            "value": 0.0025207565747395835,
            "min": 0.0025207565747395835,
            "max": 0.004984418724999999,
            "count": 80
        },
        "FinalProject_Maze.Policy.GAILPolicyEstimate.mean": {
            "value": 0.13852959461708012,
            "min": 0.050594411921375385,
            "max": 0.25969890174199406,
            "count": 80
        },
        "FinalProject_Maze.Policy.GAILExpertEstimate.mean": {
            "value": 0.8763429480148296,
            "min": 0.7665049463892356,
            "max": 0.9402916558207555,
            "count": 80
        },
        "FinalProject_Maze.Losses.GAILLoss.mean": {
            "value": 0.3743946440449422,
            "min": 0.16055213091601217,
            "max": 0.6142323037499504,
            "count": 80
        },
        "FinalProject_Maze.Policy.GAILGradMagLoss.mean": {
            "value": 0.04094850434203597,
            "min": 0.027872151421074968,
            "max": 0.7089367942832487,
            "count": 80
        },
        "FinalProject_Maze.Environment.EpisodeLength.mean": {
            "value": 459.0725806451613,
            "min": 119.59016393442623,
            "max": 35245.2,
            "count": 79
        },
        "FinalProject_Maze.Environment.CumulativeReward.mean": {
            "value": -0.07132211992563295,
            "min": -349.9519920706749,
            "max": 2.6811476730909503,
            "count": 79
        },
        "FinalProject_Maze.Policy.GailReward.mean": {
            "value": 92.85252218279403,
            "min": 65.91934443722562,
            "max": 1910.4254723654853,
            "count": 79
        },
        "FinalProject_Maze.IsTraining.mean": {
            "value": 1.0,
            "min": 1.0,
            "max": 1.0,
            "count": 80
        }
    },
    "metadata": {
        "timer_format_version": "0.1.0",
        "start_time_seconds": "1639283598",
        "python_version": "3.6.8 (tags/v3.6.8:3c6b436a57, Dec 24 2018, 00:16:47) [MSC v.1916 64 bit (AMD64)]",
        "command_line_arguments": "D:\\Python 3.6.8\\Scripts\\mlagents-learn .\\config\\FinalProject_Maze_config (monfred).yaml --run-id=MazeAgentAIMonfred5 --force",
        "mlagents_version": "0.23.0",
        "mlagents_envs_version": "0.23.0",
        "communication_protocol_version": "1.3.0",
        "pytorch_version": "1.7.0+cu110",
        "numpy_version": "1.18.5",
        "end_time_seconds": "1639289895"
    },
    "total": 6297.262701500001,
    "count": 1,
    "self": 0.0357309000009991,
    "children": {
        "run_training.setup": {
            "total": 0.31892370000000003,
            "count": 1,
            "self": 0.31892370000000003
        },
        "TrainerController.start_learning": {
            "total": 6296.9080469,
            "count": 1,
            "self": 12.908796799855736,
            "children": {
                "TrainerController._reset_env": {
                    "total": 9.145600900000002,
                    "count": 1,
                    "self": 7.555182700000001,
                    "children": {
                        "demo_to_buffer": {
                            "total": 1.5904182000000002,
                            "count": 1,
                            "self": 0.007414500000000324,
                            "children": {
                                "load_demonstration": {
                                    "total": 0.1563111000000008,
                                    "count": 1,
                                    "self": 0.02358880000000152,
                                    "children": {
                                        "read_file": {
                                            "total": 0.1327222999999993,
                                            "count": 1,
                                            "self": 0.1327222999999993
                                        }
                                    }
                                },
                                "make_demo_buffer": {
                                    "total": 1.426692599999999,
                                    "count": 1,
                                    "self": 0.24384609999999185,
                                    "children": {
                                        "steps_from_proto": {
                                            "total": 1.1828465000000072,
                                            "count": 5062,
                                            "self": 0.3571310999998829,
                                            "children": {
                                                "_process_vector_observation": {
                                                    "total": 0.8257154000001243,
                                                    "count": 30372,
                                                    "self": 0.8257154000001243
                                                }
                                            }
                                        }
                                    }
                                }
                            }
                        }
                    }
                },
                "TrainerController.advance": {
                    "total": 6274.771524100144,
                    "count": 451100,
                    "self": 6.865219499990417,
                    "children": {
                        "env_step": {
                            "total": 6267.906304600154,
                            "count": 451100,
                            "self": 5072.670646400542,
                            "children": {
                                "SubprocessEnvManager._take_step": {
                                    "total": 1188.7564491999158,
                                    "count": 451100,
                                    "self": 36.05449780024878,
                                    "children": {
                                        "TorchPolicy.evaluate": {
                                            "total": 1152.701951399667,
                                            "count": 446281,
                                            "self": 427.68682019979246,
                                            "children": {
                                                "TorchPolicy.sample_actions": {
                                                    "total": 725.0151311998745,
                                                    "count": 446281,