{
    "name": "root",
    "gauges": {
        "FinalProject_Maze.Policy.Entropy.mean": {
            "value": 0.6711342334747314,
            "min": 0.6711342334747314,
            "max": 1.3547898530960083,
            "count": 7
        },
        "FinalProject_Maze.Environment.EpisodeLength.mean": {
            "value": 6179.777777777777,
            "min": 581.2258064516129,
            "max": 6179.777777777777,
            "count": 7
        },
        "FinalProject_Maze.Policy.GailValueEstimate.mean": {
            "value": 9.777081489562988,
            "min": 9.777081489562988,
            "max": 25.28865623474121,
            "count": 7
        },
        "FinalProject_Maze.Environment.CumulativeReward.mean": {
            "value": -62.79777634143829,
            "min": -62.79777634143829,
            "max": -6.473548173904419,
            "count": 7
        },
        "FinalProject_Maze.Policy.GailReward.mean": {
            "value": 423.3600932624605,
            "min": 324.1729051759166,
            "max": 1070.8117332127358,
            "count": 7
        },
        "FinalProject_Maze.Losses.PolicyLoss.mean": {
            "value": 0.06688243799485809,
            "min": 0.06688243799485809,
            "max": 0.07147833457380476,
            "count": 7
        },
        "FinalProject_Maze.Losses.ValueLoss.mean": {
            "value": 3.3337413836937504,
            "min": 3.3337413836937504,
            "max": 40.34104298961547,
            "count": 7
        },
        "FinalProject_Maze.Policy.LearningRate.mean": {
            "value": 0.00028779033504815047,
            "min": 0.00028779033504815047,
            "max": 0.000299063527097872,
            "count": 7
        },
        "FinalProject_Maze.Policy.Epsilon.mean": {
            "value": 0.19593011032608695,
            "min": 0.19593011032608695,
            "max": 0.19968784226190478,
            "count": 7
        },
        "FinalProject_Maze.Policy.Beta.mean": {
            "value": 0.00479691250527174,
            "min": 0.00479691250527174,
            "max": 0.004984423328869048,
            "count": 7
        },
        "FinalProject_Maze.Policy.GAILPolicyEstimate.mean": {
            "value": 0.05080065167501477,
            "min": 0.045898472849561084,
            "max": 0.30480183314426534,
            "count": 7
        },
        "FinalProject_Maze.Policy.GAILExpertEstimate.mean": {
            "value": 0.9445276011991531,
            "min": 0.7051885040958668,
            "max": 0.9456350204948074,
            "count": 7
        },
        "FinalProject_Maze.Losses.GAILLoss.mean": {
            "value": 0.12505135110572285,
            "min": 0.11716026071732637,
            "max": 0.7586843222132336,
            "count": 7
        },
        "FinalProject_Maze.Policy.GAILGradMagLoss.mean": {
            "value": 0.05048855374092222,
            "min": 0.04790818884970618,
            "max": 0.6811864310169241,
            "count": 7
        },
        "FinalProject_Maze.Losses.PretrainingLoss.mean": {
            "value": 0.057802780323202255,
            "min": 0.057802780323202255,
            "max": 0.8107492908300116,
            "count": 7
        },
        "FinalProject_Maze.IsTraining.mean": {
            "value": 1.0,
            "min": 1.0,
            "max": 1.0,
            "count": 7
        }
    },
    "metadata": {
        "timer_format_version": "0.1.0",
        "start_time_seconds": "1639282715",
        "python_version": "3.6.8 (tags/v3.6.8:3c6b436a57, Dec 24 2018, 00:16:47) [MSC v.1916 64 bit (AMD64)]",
        "command_line_arguments": "D:\\Python 3.6.8\\Scripts\\mlagents-learn .\\config\\FinalProject_Maze_config (monfred).yaml --run-id=MazeAgentAIMonfred4 --force",
        "mlagents_version": "0.23.0",
        "mlagents_envs_version": "0.23.0",
        "communication_protocol_version": "1.3.0",
        "pytorch_version": "1.7.0+cu110",
        "numpy_version": "1.18.5",
        "end_time_seconds": "1639283375"
    },
    "total": 659.4687732,
    "count": 1,
    "self": 0.02113279999991846,
    "children": {
        "run_training.setup": {
            "total": 0.032593899999999995,
            "count": 1,
            "self": 0.032593899999999995
        },
        "TrainerController.start_learning": {
            "total": 659.4150465,
            "count": 1,
            "self": 2.324711099994829,
            "children": {
                "TrainerController._reset_env": {
                    "total": 31.5403162,
                    "count": 1,
                    "self": 28.8379538,
                    "children": {
                        "demo_to_buffer": {
                            "total": 2.7023623999999984,
                            "count": 2,
                            "self": 0.008589199999995856,
                            "children": {
                                "load_demonstration": {
                                    "total": 0.03694330000000434,
                                    "count": 2,
                                    "self": 0.034895000000005894,
                                    "children": {
                                        "read_file": {
                                            "total": 0.0020482999999984486,
                                            "count": 2,
                                            "self": 0.0020482999999984486
                                        }
                                    }
                                },
                                "make_demo_buffer": {
                                    "total": 2.656829899999998,
                                    "count": 2,
                                    "self": 0.4319337999998538,
                                    "children": {
                                        "steps_from_proto": {
                                            "total": 2.2248961000001444,
                                            "count": 10124,
                                            "self": 0.6630245000003754,
                                            "children": {
                                                "_process_vector_observation": {
                                                    "total": 1.561871599999769,
                                                    "count": 60744,
                                                    "self": 1.561871599999769
                                                }
                                            }
                                        }
                                    }
                                }
                            }
                        }
                    }
                },
                "TrainerController.advance": {
                    "total": 617.4371223000053,
                    "count": 44336,
                    "self": 0.6782455999958756,
                    "children": {
                        "env_step": {
                            "total": 616.7588767000094,
                            "count": 44336,
                            "self": 493.8281507000084,
                            "children": {
                                "SubprocessEnvManager._take_step": {
                                    "total": 122.29467629999353,
                                    "count": 44336,
                                    "self": 3.7054990999903623,
                                    "children": {
                                        "TorchPolicy.evaluate": {
                                            "total": 118.58917720000316,
                                            "count": 44241,
                                            "self": 42.63418520001106,
                                            "children": {
                                                "TorchPolicy.sample_actions": {
                                                    "total": 75.9549919999921,